[
  {
    "id": 1,
    "name": "Turtle Neck",
    "imgUrl": "https://nhatminhdecor.com/wp-content/uploads/2019/01/chup-anh-voi-mau-that-800x800.jpg",
    "price": "60",
    "salePrice": "40"
  },
  {
    "id": 2,
    "name": "T-Shirt",
    "imgUrl": "https://tronhouse.com/assets/data/editor/source/nhung-cach-chup-hinh-quan-ao-duoc-uu-chuong-nhat/chup-hinh-sang-tao-1.jpg",
    "price": "50",
    "salePrice": "45"
  },
  {
    "id": 3,
    "name": "Jumper",
    "imgUrl": "https://nhatminhdecor.com/wp-content/uploads/2019/01/chup-anh-san-pham-quan-ao-800x800.jpg",
    "price": "100",
    "salePrice": "80"
  },
  {
    "id": 4,
    "name": "Sweater",
    "imgUrl": "https://nhatminhdecor.com/wp-content/uploads/2019/01/chup-anh-voi-phong-pvc-800x800.jpg",
    "price": "80",
    "salePrice": "45"
  },
  {
    "id": 5,
    "name": "Dress",
    "imgUrl": "https://i.pinimg.com/236x/b4/fd/d6/b4fdd67095d6a8cfd7dbf760919ba89b.jpg",
    "price": "80",
    "salePrice": "45"
  },
  {
    "id": 6,
    "name": "Women Corset Top",
    "imgUrl": "https://nhatminhdecor.com/wp-content/uploads/2019/01/chup-anh-san-pham-quan-ao-2-800x800.jpg",
    "price": "80",
    "salePrice": "45"
  },
  {
    "id": 7,
    "name": "Sweater",
    "imgUrl": "https://nhatminhdecor.com/wp-content/uploads/2019/01/chup-anh-voi-phong-nen-vai-trang.jpg",
    "price": "80",
    "salePrice": "45"
  },
  {
    "id": 8,
    "name": "Women Corset Top",
    "imgUrl": "https://nhatminhdecor.com/wp-content/uploads/2019/01/chup-anh-voi-phong-pvc-800x800.jpg",
    "price": "80",
    "salePrice": "45"
  },
  {
    "id": 9,
    "name": "Casual Solid Color Top",
    "imgUrl": "https://i5.walmartimages.com/seo/Vedolay-Shein-Tops-For-Women-Women-s-Casual-Shirts-Twist-Knot-Tunics-Tops-F-Navy-XXL_3a86592c-458c-4fcd-96fe-688c2d2f2695.0e32269be1ebcc68276d50e95f5a80e4.jpeg?odnHeight=768&odnWidth=768&odnBg=FFFFFF",
    "price": "80",
    "salePrice": "45"
  },
  {
    "id": 10,
    "name": "Women Corset Top",
    "imgUrl": "https://nhatminhdecor.com/wp-content/uploads/2019/01/chup-anh-voi-phong-pvc-800x800.jpg",
    "price": "80",
    "salePrice": "45"
  },
  {
    "id": 11,
    "name": "Embroidery Drawstring Front Puff Sleeve",
    "imgUrl": "https://img.ltwebstatic.com/images3_pi/2023/05/04/16831691752440c60c48f31c9818bb01f2e163afcd_thumbnail_720x.jpg",
    "price": "80",
    "salePrice": "45"
  },
  {
    "id": 12,
    "name": "Women's Lantern Sleeve Floral Print Blouse",
    "imgUrl": "https://m.media-amazon.com/images/I/8151tj8GF4L._AC_UY1000_.jpg",
    "price": "100",
    "salePrice": "70"
  },
  {
    "id": 13,
    "name": "Off-shoulder Tie Front Frill Trim Blouse",
    "imgUrl": "https://img.ltwebstatic.com/images3_pi/2022/06/23/165597776989aac72f8b34007ded49b3e9f5dbd699_thumbnail_720x.jpg",
    "price": "60",
    "salePrice": "40"
  },
  {
    "id": 14,
    "name": "Women's Off-Shoulder Striped Shirt",
    "imgUrl": "https://m.media-amazon.com/images/I/81XFclFGwSL._AC_UY1000_.jpg",
    "price": "90",
    "salePrice": "80"
  },
  {
    "id": 15,
    "name": "Floral Print Ruffle Summer Short Dress",
    "imgUrl": "https://img.ltwebstatic.com/images3_pi/2023/05/22/1684735779ae7eacbdab6031b372061a93d495511c_thumbnail_720x.jpg",
    "price": "160",
    "salePrice": "90"
  },
  {
    "id": 16,
    "name": "Essnce Floral Print Pleated Bust Slip Dress",
    "imgUrl": "https://img.ltwebstatic.com/images3_pi/2024/01/15/a4/17052897760cf830af668b61431dd230c328aa2fce_thumbnail_405x552.jpg",
    "price": "80",
    "salePrice": "45"
  },
  {
    "id": 17,
    "name": "Solid Frill Trim Tie Front Tube Dress",
    "imgUrl": "https://img.ltwebstatic.com/images3_pi/2023/08/31/b6/1693449575c2db99c3b1f29d39b9f8d16bb8d353bd_thumbnail_720x.jpg",
    "price": "60",
    "salePrice": "45"
  },
  {
    "id": 18,
    "name": "Women's Wine Glass Printed Short Sleeve T-Shirt",
    "imgUrl": "https://img.ltwebstatic.com/images3_pi/2024/03/15/f2/1710471744bf48ae5a8d32c74ec2df3560e5a5619d_thumbnail_720x_wk_shein.jpg",
    "price": "80",
    "salePrice": "45"
  },
  {
    "id": 19,
    "name": "Cherry Print Cropped Tank Top",
    "imgUrl": "https://m.media-amazon.com/images/I/612a4ExGc2L._AC_SL1000_.jpg",
    "price": "50",
    "salePrice": "45"
  },
  {
    "id": 20,
    "name": "Women Corset Top",
    "imgUrl": "https://nhatminhdecor.com/wp-content/uploads/2019/01/chup-anh-voi-phong-pvc-800x800.jpg",
    "price": "80",
    "salePrice": "45"
  }
]
